"","V1","V2","V3","V4","V5","V6","V7","V8"
"m1",0.957951969191282,1.03212709851803,0.911380864035151,0.661734033684827,1.12332026161495,1.38557242895782,1.02097417255481,1.22677828441597
"m2",0.948560797250166,1.02469256594707,0.919085016013338,0.660381818057222,1.1193001914698,1.38983046751734,1.01852415983418,1.21844095921309
"m3",0.956513868773336,1.02809830096066,0.916807852440006,0.661274805379583,1.11781211108875,1.38947209249156,1.01791644992656,1.21673485164681
"m4",0.944951938080902,1.02489040735121,0.916592492514558,0.661564635864836,1.12173560207554,1.38516584847461,1.01261369778632,1.21633014391724
"m5",0.948500298292877,1.02901359924497,0.919331124081969,0.661974063936156,1.11853069080789,1.3842119205414,1.01883228797246,1.22418637472937
"m6",0.951994264329935,1.03536712833016,0.920131449385609,0.663381644651067,1.11447398595207,1.37919635590338,1.01841196509707,1.22097353863564
"m1_1",0.969559958843707,1.04277371355067,0.913018376375003,0.674337960079261,1.13338640745486,1.3581921134393,0.941150381038356,1.19391341328368
"m2_1",0.97602658980868,1.05121660139338,0.910040469008777,0.667047550661631,1.13556471878969,1.36589342831391,0.943360187519319,1.19400367570186
"m3_1",0.96335997836112,1.0373539209538,0.916796719271386,0.674400406263959,1.1324401516251,1.36232590249725,0.942495712219785,1.18915120499622
"m4_1",0.976954068567719,1.06204582285359,0.901886292668342,0.658919995054572,1.14372128939006,1.37340020388616,0.940569113279921,1.19271721091734
"m5_1",0.984579887408326,1.06862771038538,0.900940280061009,0.658034005243826,1.14350390195286,1.37304027351693,0.944390194064501,1.19956110543564
"m6_1",0.970288495240832,1.06505628381921,0.906508489953308,0.661871939670585,1.1393606097565,1.36817879180914,0.950150113619632,1.20009653921083
"m1_2",1.00380146105982,1.05147285692965,1.06505328407969,0.823838604501238,0.955245954270352,1.15275500651786,1.00091804010467,1.11882569497055
"m2_2",1.01656169560937,1.06891304377009,1.06676419630914,0.816777890899525,0.949828846813585,1.15292250942204,1.01308700831559,1.12948561208666
"m3_2",1.00065582739405,1.04637359757712,1.0667589990372,0.82549432437977,0.953134602773334,1.15320065489861,0.996734890930519,1.11066678085317
"m4_2",1.00830266469567,1.06394724556096,1.05675225128508,0.806003870059663,0.957271931697164,1.16263116627595,1.00573353063908,1.12148709083768
"m5_2",1.00936231408357,1.06554966131708,1.06250117238922,0.810693725028286,0.953532659459783,1.15807484549824,1.00838232856517,1.12652742557065
"m6_2",1.00738412199336,1.06911076237849,1.06627490662735,0.813930744867705,0.951120174114478,1.15514450735533,1.00175379761599,1.11854973303492
"m1_3",1.10038489532046,1.20669460396579,0.836636043889048,0.586402281013822,1.10223451021775,1.44449544921185,1.07919019943331,1.15279083433504
"m2_3",1.0851879915547,1.18923969891094,0.842601461198582,0.584557863911943,1.10179521947334,1.45275162743947,1.0732114237818,1.13742244291678
"m3_3",1.10392898088256,1.21838781337316,0.816475598323573,0.570502474289378,1.12530151843421,1.47103392026232,1.07184426037941,1.13893925403459
"m4_3",1.08665821048905,1.18826623498118,0.856432750860767,0.602376243004504,1.08856535699129,1.41785531407138,1.07714563875271,1.14789583814698
"m5_3",1.07924390843555,1.1788464070652,0.858325892180445,0.603489887165181,1.09017448553831,1.41886184374836,1.0748253825149,1.14583848766139
"m6_3",1.0951695087344,1.20832419524003,0.842219637664242,0.597990934544021,1.09914572946036,1.42144722266628,1.07828670405489,1.13668838679172
"m1_4",1.05055665930875,1.05420444146431,0.815399208908583,0.730242670352487,1.17174733355978,1.22899150195783,1.08785480361182,1.33271826460292
"m2_4",1.04504913430521,1.03864457294692,0.816138333984379,0.729413778107157,1.17464622104465,1.23286389918788,1.08362187791744,1.31517737347424
"m3_4",1.04913376386484,1.05946674622857,0.818327514162376,0.721362872492839,1.16894520035055,1.23960484221317,1.08398913349962,1.31723513209756
"m4_4",1.04505346051635,1.05046192288906,0.822525972987823,0.741963831518215,1.16683437945826,1.21626049529297,1.08197251778778,1.32441437594938
"m5_4",1.04555801528636,1.04442265592805,0.825481082852451,0.744220223170017,1.16471064346462,1.21364043924577,1.08788804124581,1.32817840207146
"m6_4",1.05693025133224,1.06845771232614,0.823547895642429,0.741816138044767,1.1607735540659,1.21083651903291,1.0845706194613,1.3179968270541
"m13",0.955850192122823,1.01900150321599,0.909837132519673,0.663106238782746,1.13041640711361,1.4320147877783,0.975000090052646,1.2032585779335
"m14",0.942777873257615,1.01704539237996,0.917294713603214,0.660809255671263,1.12559769248561,1.43832223019448,0.97009450211418,1.19748856394837
"m15",0.953591442183924,1.01687010083321,0.91552384842537,0.663816220383639,1.12512377778875,1.43248997211573,0.971515333804207,1.19378215812075
"m16",0.944358727034869,1.0251260058631,0.913700505663376,0.660896581993777,1.13040481313223,1.43733430222248,0.964135748273316,1.19757534206893
"m17",0.946395462569955,1.02645496938933,0.916304587142883,0.661212807736113,1.1259843943953,1.4360924077054,0.973861458656134,1.20456409036877
"m18",0.951666710185142,1.02909270730174,0.917801809224497,0.663456255778925,1.12192720379828,1.42839311161442,0.975173909825847,1.20583301837768
"m13_1",0.963975162180362,1.01658128631672,0.913460664427815,0.67509405912299,1.12130541038474,1.39646720019297,0.940455096014804,1.22296007770532
"m14_1",0.971923020670576,1.03175150545849,0.910357331846191,0.667035767841201,1.12266296332625,1.40666941346214,0.944875513521615,1.22688422222685
"m15_1",0.957602271009313,1.01354359109106,0.917469299665613,0.676164647902771,1.11932888865082,1.39713353060341,0.941940131016196,1.22129199877144
"m16_1",0.973903436889734,1.0563421353329,0.90289820180394,0.657764749938919,1.13305542881185,1.42029452776564,0.936840874580978,1.22317128832975
"m17_1",0.983136418998925,1.06087784472364,0.901719628222841,0.656828972638428,1.131225287533,1.42013266885471,0.944963716518826,1.23104626080985
"m18_1",0.967390553783241,1.05390224539879,0.909020931734139,0.661831783780077,1.12524393648009,1.40992404169257,0.944456064547073,1.22931561278119
"m13_2",0.948691568834976,1.00679345964431,1.0956087738023,0.847852379546433,0.938149085502862,1.13629328236745,0.949621797609212,1.15692730622699
"m14_2",0.9570238864166,1.02731812135624,1.09716484746738,0.839560501079627,0.93284403091169,1.13858346449238,0.959896830021235,1.16995888445687
"m15_2",0.950351484757663,1.00624212414088,1.09534663683844,0.84922705685779,0.937474854644244,1.13499631827639,0.948645381720803,1.15512432443546
"m16_2",0.954554789327666,1.03637764331909,1.08611479733572,0.82694199584728,0.942905035678366,1.15337576299833,0.953852013961352,1.1637334826445
"m17_2",0.951936003305088,1.03022215802651,1.09242765150661,0.832214055220745,0.93884620483592,1.14928689094157,0.955240384324688,1.16609488309908
"m18_2",0.954597706863028,1.03701302485858,1.09592197129001,0.835875938014278,0.93513338378487,1.14135798315281,0.954040228485393,1.16224978414108
"m13_3",1.10787806953818,1.21144078363807,0.851605156860052,0.587085680026296,1.11319474093042,1.50426553241839,1.0882104118103,1.23780137850339
"m14_3",1.0915737811299,1.20382114899529,0.857680470969848,0.584340782117165,1.11231725468909,1.5158626985448,1.08220738365465,1.22224506733174
"m15_3",1.1106307770978,1.22318933370938,0.832988144831636,0.572221728700723,1.13673463096994,1.53557268770266,1.0789038054079,1.21506067122691
"m16_3",1.08840082599577,1.20407120371324,0.871150724152741,0.601030749750829,1.09551403943694,1.47487205018035,1.09139614098631,1.24358238598375
"m17_3",1.07670493717446,1.18994520475949,0.873490852280571,0.602133453504548,1.0981191938894,1.47863732199857,1.08550074804967,1.23551866789241
"m18_3",1.09573569287559,1.21780982513782,0.856702819608924,0.596883519978104,1.10970290815149,1.47760158197382,1.09163301719053,1.2297577751451
"m13_4",1.08000055075123,1.05768168876899,0.808435022434849,0.71991055017006,1.18223613841335,1.3071277732312,1.12357113777282,1.23618195467286
"m14_4",1.0718977074341,1.04794097851449,0.810003458497688,0.718288551525783,1.18375711774647,1.31316419346685,1.11656433567554,1.21728752717242
"m15_4",1.07467597317567,1.06311118547935,0.812510489619316,0.712493712532483,1.17887991596274,1.31985382864343,1.12145020172993,1.2155326396456
"m16_4",1.07954359655988,1.05630875921733,0.814147343585314,0.731115436271166,1.17829166362098,1.2905220702291,1.11765979408357,1.23416461751193
"m17_4",1.07453668930747,1.04803451771409,0.817673934300417,0.732729052909513,1.17515264499026,1.28993678958806,1.12414286916201,1.23469837106848
"m18_4",1.08769428603544,1.07113534544164,0.815673573197577,0.732231724077021,1.17245826414462,1.28281981378111,1.12040791225274,1.22645071845508
"m25",1.03817791495071,0.958395924569437,0.882704386084149,0.637037104346228,1.11263109152126,1.44724051121974,1.04896310731454,1.13305513070783
"m26",1.04323113579258,0.977276225844342,0.882320939541988,0.628154173978908,1.11124670740752,1.45910735107497,1.05471076584107,1.13039061366546
"m27",1.03501953596371,0.951778602256753,0.888291538775778,0.638427828762268,1.10705567997513,1.4479457133777,1.05089938333298,1.13242537112655
"m28",1.04219941817002,0.972219299589632,0.876901595082552,0.622016628741683,1.11719807958852,1.46995004659715,1.05336847544528,1.13261836393496
"m29",1.04321747375948,0.981241922197804,0.879494811127178,0.623275999660139,1.11460867402054,1.4657071958251,1.05260083442278,1.13157867642562
"m30",1.04875823322952,0.966705636047056,0.877799467403773,0.630541971535938,1.11491703810679,1.45948053565099,1.05387277821934,1.13557196271652
"m25_1",0.944008544517516,0.891531276762747,0.934367984578828,0.674424443949865,1.11659721553732,1.38861216583643,0.826119262214402,1.11060805907295
"m26_1",0.953624159643853,0.912251256887485,0.92948689663947,0.663530875582363,1.11935110745922,1.4020449172205,0.824133113328147,1.10384818927255
"m27_1",0.939684831466232,0.892273444737,0.932478293012892,0.672065794105793,1.12028445668341,1.39382124171721,0.829820617516408,1.11030029410226
"m28_1",0.942428896374691,0.903160630441577,0.923485223409445,0.656146647422381,1.126829515091,1.41530797564576,0.828311987573357,1.10864378191688
"m29_1",0.952536566997962,0.913836792703546,0.924235874630131,0.65774480283111,1.12518433507642,1.41020099965014,0.823775218364994,1.10486710956251
"m30_1",0.946908320262179,0.900331850469322,0.923383271036021,0.665140868286179,1.1272970331115,1.40590831431608,0.834230462164362,1.11152659009697
"m25_2",0.962053290651586,0.841801292612897,1.0639143709629,0.816929507649319,0.959002350335537,1.19697284812859,1.01179931638838,1.11065402125967
"m26_2",0.973768778086905,0.864489280855319,1.06653558915971,0.808268876796707,0.95588021235633,1.20299717693671,1.02232619685694,1.11533900048265
"m27_2",0.963217611854223,0.845740064207448,1.06025987187251,0.812801229766822,0.956222413867464,1.19521040183972,1.0353307570317,1.1395440080107
"m28_2",0.968281303765083,0.857848738053688,1.05972918395439,0.796632175080224,0.961847183284173,1.21691475206778,1.00826659419265,1.10069404608488
"m29_2",0.96315338436331,0.856489453069796,1.06722265019542,0.803437194188191,0.958050326938626,1.21022003327103,1.01176195408547,1.10367786823683
"m30_2",0.961433960894724,0.846770260204537,1.06928791785465,0.811447930403467,0.954923820562758,1.20430604287038,1.01342949390606,1.10664110501241
"m25_3",1.09990031444404,1.03775760459053,0.871796635679788,0.584799450191094,1.0450127029586,1.51141919153535,1.35515719402405,1.14378764290379
"m26_3",1.09974595697239,1.04664126848381,0.870786322893106,0.577888611621786,1.04677514210474,1.52344263666204,1.36094211946285,1.13638933366918
"m27_3",1.09395820053067,1.02767395344987,0.848399520649861,0.570241584549475,1.06877548019816,1.54451060780396,1.34016592559018,1.12325612272504
"m28_3",1.11132180975897,1.05995402666185,0.86843224776879,0.575535609666668,1.04519845134494,1.52159036868652,1.36263512024128,1.14539340359139
"m29_3",1.10850968516378,1.0641428411863,0.865992873232087,0.572656752466302,1.04900381221283,1.52673227981091,1.35983117051156,1.14375377915673
"m30_3",1.11218963198695,1.05376601741445,0.853808704159946,0.581569466091479,1.05534393190241,1.51139491332997,1.35800738783258,1.14106010203349
"m25_4",1.00581276473358,1.09846852812302,0.825158947837406,0.746471911062681,1.16195218793501,1.22655674521379,1.07406793456388,1.19312137476862
"m26_4",1.01308219705456,1.10780924568281,0.81719931947871,0.73831726080878,1.16886234550091,1.2341373342708,1.07392542763943,1.19431604709989
"m27_4",0.998477178623148,1.08820115445024,0.827708126002986,0.744049793263581,1.15965349478763,1.23408505550374,1.0692661265308,1.18381871818893
"m28_4",1.01144068427892,1.12064354458557,0.822602844155839,0.736878762491233,1.16381441969234,1.23546109439564,1.07016251353424,1.18258868637062
"m29_4",1.01241332564267,1.11862758710988,0.822004578663144,0.738357256528923,1.16434657584609,1.23163199738545,1.07371865491276,1.19840487614824
"m30_4",1.0133704090518,1.11473296836994,0.824156498598966,0.749995898922891,1.16011141643235,1.22223524869933,1.07497207178048,1.18790842715781
"m37",0.991603594780892,0.915731533771027,0.881640560323236,0.640642433455353,1.13247090840643,1.474530207587,0.97551519786539,1.22320162410872
"m38",0.997169207755944,0.93901636353454,0.881155839633458,0.631828568076422,1.1319729408611,1.4878797368264,0.979741813709395,1.22154768073452
"m39",0.990744004771968,0.916894124045468,0.887020222029087,0.642104434314133,1.12790946922399,1.47300117818239,0.973561355144111,1.22797543498961
"m40",0.996284971300251,0.93190666629305,0.875762380199598,0.625183796500559,1.13818853149177,1.50265094853807,0.97403695678106,1.215938956057
"m41",0.999616866823044,0.944921538691538,0.878178107379451,0.626398461153696,1.13531432779438,1.4972144964649,0.97784053427686,1.22021568625508
"m42",1.00210159066463,0.919352347866935,0.876523464160103,0.634667494377714,1.13616316053882,1.4870773187851,0.975998177896518,1.22496889539482
"m37_1",0.909683720346974,0.813336211312476,0.935851835269678,0.679975952693105,1.10062936223608,1.41370858281905,0.873205150339224,1.2764524592286
"m38_1",0.921091334804239,0.83730667363146,0.930793139807155,0.669153849786028,1.1041362695724,1.42834297368991,0.873290952619431,1.27429709745224
"m39_1",0.906559271457727,0.82366462674911,0.933783083150857,0.677597096991981,1.10394083332417,1.41570208736207,0.87551760238985,1.28680990850567
"m40_1",0.907949480744522,0.826898721347555,0.925201390282696,0.6614780495072,1.11208619556963,1.44530107191462,0.873203294238152,1.26656965966696
"m41_1",0.921327714938245,0.839698605195867,0.925606739862397,0.663121263506157,1.1100203086212,1.43848277254564,0.869619536063844,1.27285320945613
"m42_1",0.917998836054868,0.822438929498739,0.925849602366426,0.671733000867416,1.10963133044484,1.42845758659364,0.875800224631262,1.27175692617485
"m37_2",0.93990557420892,0.772942177703403,1.0715996349992,0.834974098776933,0.953786481048074,1.18755262774968,0.994879273571349,1.33652592161683
"m38_2",0.944225537432688,0.791574086572214,1.07556010137363,0.826962730260389,0.948870845607473,1.19230806433234,1.00990269842031,1.34921017758006
"m39_2",0.951346983662933,0.786229166041,1.06735835092785,0.830674834216308,0.951189503961231,1.18439145983111,1.019685446701,1.37971520258758
"m40_2",0.946503721858848,0.792294459796805,1.06966154524891,0.815148517634647,0.954241986172983,1.20788089037465,0.994418520864985,1.32360148335515
"m41_2",0.934423750062185,0.786350202540891,1.07706783466327,0.822072419032158,0.95026104163271,1.20035094670446,1.00221830264708,1.33971133933223
"m42_2",0.944663552473859,0.781832320683664,1.0786419882345,0.831085435447458,0.945214640799943,1.18888474084615,1.00990284515638,1.3470360213545
"m37_3",1.13024333167247,1.04921667243916,0.877568200343815,0.588320461903151,1.04595866293052,1.52641212445249,1.59846866412127,1.44332094546945
"m38_3",1.12374158814371,1.06391547287825,0.87741943809013,0.581672171280353,1.04725216223922,1.53920800238463,1.60753669455003,1.43464376593702
"m39_3",1.12116953172722,1.04299812136703,0.854709376962088,0.573418874528849,1.07017199324979,1.56233220819469,1.59827107424555,1.41637394653204
"m40_3",1.14357555672134,1.07073989862875,0.873713971138368,0.578238564696748,1.04710886803341,1.54205017619243,1.6105178318918,1.44170218470589
"m41_3",1.13489861395154,1.08277693620864,0.871917617598829,0.575644771601995,1.05076753072813,1.54656684066306,1.61215631014536,1.44089055278739
"m42_3",1.14023772980208,1.06191230738119,0.860023618890556,0.585501246408394,1.05901869548857,1.52443907684401,1.60589834234573,1.44006717373945
"m37_4",1.03028355564676,1.14553205273648,0.821108239808948,0.741528478025318,1.16858269705059,1.25601515831554,1.17852959015591,1.1897138365622
"m38_4",1.03850008521986,1.16248700061407,0.813654306522275,0.733503722472791,1.17647261324568,1.26519213929446,1.17220184346135,1.18145737399143
"m39_4",1.02118509542152,1.14273866276955,0.823415211274036,0.739104462755321,1.16755149287729,1.26309213365415,1.17913590385398,1.17371148638329
"m40_4",1.03570583471148,1.17349465471924,0.818513196519554,0.731768695920257,1.17036049025918,1.26655962418126,1.17185489248371,1.17507323079714
"m41_4",1.03782141484508,1.17383565826091,0.817928376757834,0.732908080676342,1.17184032251588,1.26397085319476,1.17280141401852,1.18403727733967
"m42_4",1.03290607571493,1.16311417898152,0.820232614182567,0.746549850415783,1.16814018617783,1.2472340847639,1.1769087295045,1.18035391121975
