"","V1","V2","V3","V4"
"m7",1.11830354802139,0.4849697614725,1.74334240555344,1.46078233502197
"m8",1.11164391020061,0.481816965020328,1.75315065700755,1.44437231176321
"m9",1.11478744424236,0.481988870642583,1.75624090316568,1.43441351271737
"m10",1.12446767394653,0.480590731597455,1.74655649917437,1.44588587718318
"m11",1.1258842008303,0.482788567725577,1.74126303700547,1.45965456363093
"m12",1.14312141254138,0.485496392392829,1.72891238928808,1.44352178286346
"m7_1",1.07497620048255,0.529487059230624,1.68728318878643,1.40639979587673
"m8_1",1.08302098976939,0.521584452368915,1.69970306770798,1.40064438933771
"m9_1",1.06398803122804,0.529480903268691,1.69419006756427,1.38866882588028
"m10_1",1.10053043759109,0.512479076720104,1.71176636912888,1.39841857961929
"m11_1",1.10808391559681,0.512292655027982,1.71003090403232,1.41243931563646
"m12_1",1.10872596444447,0.518259578690925,1.69685687534748,1.40713510915257
"m7_2",1.022726552405,0.579277735751256,1.55132692645285,1.34061582817192
"m8_2",1.02963064196705,0.572990369934509,1.55711753472488,1.33543406171987
"m9_2",1.01442898896914,0.582707964163509,1.55214352159871,1.31971773640733
"m10_2",1.0415313212383,0.55935335530795,1.57715972855302,1.32814794114142
"m11_2",1.04633179532953,0.562234052003276,1.57084543030398,1.34061116855271
"m12_2",1.05422914303653,0.567757982821248,1.55966016149419,1.32837894598384
"m7_3",1.36066220365919,0.417961293389484,1.79898772008789,1.40803786747777
"m8_3",1.32585981568637,0.417752126932956,1.81344992479977,1.37809845741471
"m9_3",1.38532699289061,0.397784604318661,1.85908576291614,1.3758601580174
"m10_3",1.31931871339932,0.440483142630454,1.74128121766222,1.39366753269724
"m11_3",1.30479695463734,0.441552638732737,1.74359567344054,1.39315359536968
"m12_3",1.35650817277483,0.434082479688625,1.74916248561464,1.37254820322512
"m7_4",1.17279310334572,0.54297334101796,1.49180826750308,1.5482466263657
"m8_4",1.13810844158518,0.547971608106271,1.49431353705038,1.51250077495059
"m9_4",1.18789719281933,0.534957934618245,1.50268467415834,1.51825848789494
"m10_4",1.14267196159778,0.566455587750624,1.45199638315621,1.52567087171296
"m11_4",1.13137669855552,0.572179940801399,1.44362722004163,1.5390960486643
"m12_4",1.17752151443136,0.570886513303791,1.43400105993289,1.50389934642535
"m19",1.10453518801964,0.484115625293533,1.834120279983,1.47608060120257
"m20",1.10686861196883,0.479996330724424,1.84938070853846,1.46356175282481
"m21",1.10538359185133,0.482649502783483,1.84053485586264,1.45684094139349
"m22",1.1418846807327,0.476881468865054,1.84987209469176,1.4733523459307
"m23",1.13634701010877,0.478730782827995,1.84757142943878,1.48033910357949
"m24",1.14746080511225,0.483664302071544,1.81806746209058,1.46465018678618
"m19_1",1.04524241353504,0.5320873380384,1.73452897791796,1.37992839101595
"m20_1",1.06465391117463,0.522954823363109,1.75269172650461,1.38174671748849
"m21_1",1.03949200335203,0.533351232770285,1.73338652179614,1.37400821836986
"m22_1",1.10418230929215,0.512192443285277,1.77679627603652,1.37878031522458
"m23_1",1.10931285189542,0.51150472381968,1.77693709709166,1.39087866691813
"m24_1",1.09903053104296,0.52015426895128,1.74821661630292,1.38208347179974
"m19_2",0.976940776181159,0.594474752855722,1.57203091540947,1.41971575771106
"m20_2",0.989117405931341,0.586960159346331,1.58274157785495,1.41827118020185
"m21_2",0.974487067307556,0.599209013567439,1.56488573866658,1.4058934820157
"m22_2",1.02629932115807,0.570680539428261,1.61411370899957,1.41594933270876
"m23_2",1.02022163019487,0.573834361685528,1.60974252084274,1.42201534256928
"m24_2",1.02605160370231,0.58139923301235,1.58355508646582,1.40954602851846
"m19_3",1.40513993148039,0.414656722066699,1.92675654995315,1.61273620566334
"m20_3",1.38159314375798,0.413804741321145,1.94748790402166,1.57535243331821
"m21_3",1.43124957148351,0.395741976194483,1.99997278242661,1.5682965965894
"m22_3",1.3796440925477,0.434813116797159,1.86067757772756,1.6173768622447
"m23_3",1.35645414297895,0.435858364592987,1.86786017935784,1.60493117353444
"m24_3",1.4059203919804,0.428506814197636,1.86824914433223,1.59339299413916
"m19_4",1.176006015409,0.522643363210586,1.67945306278083,1.42098330874258
"m20_4",1.14488379779188,0.526419373565754,1.68526458105971,1.38371617841583
"m21_4",1.18833133406677,0.516898352183955,1.69240867285871,1.38970252564262
"m22_4",1.16037540494382,0.542950333993451,1.6315926505809,1.41589549979916
"m23_4",1.14207146105246,0.54732524575781,1.62850227255844,1.41783723570348
"m24_4",1.18640297784971,0.549298076333312,1.60257013657912,1.38891818864392
"m31",0.846614981121124,0.490702150644051,1.8384554124434,1.201528578546
"m32",0.875949696168009,0.478462465181662,1.86502648382068,1.19773308352174
"m33",0.849876242804283,0.488166900184326,1.8444333602891,1.20151608601001
"m34",0.872465003845582,0.469639541942246,1.89063844504624,1.18852827421831
"m35",0.879382359335208,0.472873728402271,1.87747455048125,1.19776976347413
"m36",0.86617789944354,0.48419587263635,1.85763984214383,1.18664950837138
"m31_1",0.778632409241459,0.537565530585986,1.78111520247447,1.15271050207873
"m32_1",0.807485277191255,0.523610605019863,1.80750444149723,1.14475242456585
"m33_1",0.780782899550238,0.536923941383884,1.7850114544229,1.15508656037854
"m34_1",0.795163240244232,0.513558102673092,1.83685528574892,1.14330117106789
"m35_1",0.808143039203472,0.51554914187292,1.82569592691089,1.14545024050403
"m36_1",0.78837279374586,0.526559724401513,1.81322496019961,1.14939397256904
"m31_2",0.620003290589359,0.608429032314805,1.62998826268996,1.14711396656707
"m32_2",0.646224777669208,0.591051503397713,1.65471370201069,1.14016701411089
"m33_2",0.626277634422805,0.609287958531738,1.61890019544874,1.17656779371754
"m34_2",0.640129706943913,0.577004736363253,1.68610776616998,1.12378136682044
"m35_2",0.642033130369858,0.582657696983784,1.67190982064771,1.12991734446328
"m36_2",0.630417205141398,0.597634809060819,1.65622047763308,1.12663638192839
"m31_3",1.13000295915382,0.430243669785949,1.84529109547703,1.38623480101195
"m32_3",1.14301153564866,0.42437945175569,1.86241425917945,1.38075276273864
"m33_3",1.11956849221542,0.412945851570769,1.9087684204853,1.35269358423768
"m34_3",1.16303006626602,0.423241354724779,1.85566210201588,1.38768839978626
"m35_3",1.16989429107637,0.420562066009441,1.86286561998797,1.3894735259874
"m36_3",1.16548990510866,0.427242177914214,1.83990194790836,1.36505594374931
"m31_4",1.21332634910858,0.523531460629623,1.61256728868079,1.12323162559094
"m32_4",1.23467631137193,0.516089366653929,1.62806681862728,1.12893016210227
"m33_4",1.21343341309759,0.520795517432561,1.61818749495274,1.10257234626015
"m34_4",1.2571974613349,0.513273484618409,1.63095864384545,1.1106222568968
"m35_4",1.25055412715509,0.518537716798438,1.61833804281208,1.13719538515982
"m36_4",1.25683047563246,0.531103992931122,1.59496923684303,1.0943286393205
"m43",0.806790218780681,0.490755234732406,1.86053237263858,1.6501019042611
"m44",0.840413240709213,0.478810825606667,1.89089810752999,1.64511410516523
"m45",0.827398319305816,0.488274959959141,1.85990414038249,1.66779042474506
"m46",0.838529541696661,0.469526181054735,1.92262220373102,1.61865758212181
"m47",0.846606582894603,0.472525022356232,1.90912588107739,1.64265728391406
"m48",0.827665016932465,0.485937061024427,1.86936854769419,1.62768353126149
"m43_1",0.725197484481065,0.541263845814055,1.77288305699113,1.46096474708396
"m44_1",0.757923627763118,0.527381121449498,1.80224229644898,1.45837652839637
"m45_1",0.745050205574973,0.54060156459697,1.76895999710444,1.46989468029902
"m46_1",0.743587519503227,0.516851534934629,1.83895896100936,1.43959749902975
"m47_1",0.76066080494479,0.51859883308561,1.82633371751969,1.45617466035864
"m48_1",0.734928257832727,0.531734878995566,1.79844218834494,1.44775030542076
"m43_2",0.568948971434299,0.619853731706943,1.60358377763218,1.70732935151788
"m44_2",0.594525705023557,0.602615416163374,1.63030378240186,1.70392847345945
"m45_2",0.588647073791116,0.621394822826955,1.584364914421,1.78056438730575
"m46_2",0.594964707654941,0.58795736714202,1.66626358734017,1.66489818812917
"m47_2",0.59453764766299,0.593524023122711,1.65173921126756,1.69454326378375
"m48_2",0.580530411141937,0.611563964259218,1.61733649824034,1.69128121172207
"m43_3",1.17024345082758,0.429658564369568,1.89138242067649,2.03998327257667
"m44_3",1.18902678183009,0.424071750043656,1.91120017571792,2.02913611052944
"m45_3",1.16162547295216,0.411845453333911,1.96252735136774,1.99878150433992
"m46_3",1.20183066235667,0.421672245148987,1.91155955319911,2.03674102345562
"m47_3",1.2205835668281,0.419374263701391,1.91767903197308,2.0415615069934
"m48_3",1.19688721290429,0.426707827409389,1.88510433358189,2.02795352745182
"m43_4",1.23263352445499,0.5101498775252,1.71026695102933,1.25315750083866
"m44_4",1.26505577444653,0.503061660111884,1.72961599239787,1.24078103291672
"m45_4",1.24609894802375,0.507154483218913,1.71618306455009,1.24385336590267
"m46_4",1.29107155047087,0.50024353963692,1.73054396362038,1.22335977833262
"m47_4",1.28073091230142,0.504779008894924,1.72084211189124,1.24477705347586
"m48_4",1.28778219834455,0.519235197917177,1.67563859487974,1.22109316346445
